{
    "4_lou_to_rich_room*": {
        "0": {
            "dataset_name": "generated_23-01-09-12-56-32",
            "tag_noise": 0,
            "odom_noise": [
                0.0,
                0.0,
                0.0,
                0.0
            ],
            "pre_opt_gt": 4.577436350193275e-06,
            "min_gt": 1.5444194231189912e-06,
            "shift_min_gt": 1.6036807579573007e-06
        },
        "1": {
            "dataset_name": "generated_23-01-09-13-03-13",
            "tag_noise": 5,
            "odom_noise": [
                0.0,
                0.0,
                0.0,
                0.0
            ],
            "pre_opt_gt": 1.246348470656183,
            "min_gt": 0.6838019578965225,
            "shift_min_gt": 2.5458561172184404
        },
        "2": {
            "dataset_name": "generated_23-01-09-13-20-41",
            "tag_noise": 10,
            "odom_noise": [
                0.0,
                0.0,
                0.0,
                0.0
            ],
            "pre_opt_gt": 2.4727670485667237,
            "min_gt": 1.5299504179477765,
            "shift_min_gt": 2.78897041503888
        }
    }
}