{
    "4_lou_to_rich_room*": {
        "0": {
            "dataset_name": "generated_23-01-08-20-14-23",
            "tag_noise": 0,
            "odom_noise": [
                0.0,
                0.0,
                0.0,
                0.0
            ],
            "pre_opt_gt": 4.577436350193275e-06,
            "min_gt": 1.5444194231189912e-06,
            "shift_min_gt": 1.6036807579573007e-06
        },
        "1": {
            "dataset_name": "generated_23-01-08-20-21-16",
            "tag_noise": 5,
            "odom_noise": [
                0.0,
                0.0,
                0.0,
                0.0
            ],
            "pre_opt_gt": 2.8050748936637184,
            "min_gt": 1.9584642130903782,
            "shift_min_gt": 2.2836458291316863
        },
        "2": {
            "dataset_name": "generated_23-01-08-20-40-54",
            "tag_noise": 10,
            "odom_noise": [
                0.0,
                0.0,
                0.0,
                0.0
            ],
            "pre_opt_gt": 4.875780316243616,
            "min_gt": 2.6575530374362817,
            "shift_min_gt": 6.249749939878772
        },
        "3": {
            "dataset_name": "generated_23-01-08-21-00-50",
            "tag_noise": 0,
            "odom_noise": [
                0.01,
                0.01,
                0.01,
                0.001
            ],
            "pre_opt_gt": 0.7578860267277489,
            "min_gt": 0.19234529203996767,
            "shift_min_gt": 0.6508232138464664
        },
        "4": {
            "dataset_name": "generated_23-01-08-21-19-11",
            "tag_noise": 0,
            "odom_noise": [
                0.1,
                0.1,
                0.1,
                0.025
            ],
            "pre_opt_gt": 3.3769613324858945,
            "min_gt": 1.0347270169213327,
            "shift_min_gt": 3.376961332485886
        },
        "5": {
            "dataset_name": "generated_23-01-08-21-40-29",
            "tag_noise": 5,
            "odom_noise": [
                0.01,
                0.01,
                0.01,
                0.001
            ],
            "pre_opt_gt": 3.1465644636633834,
            "min_gt": 1.4682173622519217,
            "shift_min_gt": 3.0156880147367686
        },
        "6": {
            "dataset_name": "generated_23-01-08-21-59-40",
            "tag_noise": 10,
            "odom_noise": [
                0.1,
                0.1,
                0.1,
                0.0025
            ],
            "pre_opt_gt": 4.60989068274283,
            "min_gt": 3.4144520557967666,
            "shift_min_gt": 4.028200876391916
        }
    },
    "4N 1326373474408125*": {
        "0": {
            "dataset_name": "generated_23-01-08-22-20-32",
            "tag_noise": 0,
            "odom_noise": [
                0.0,
                0.0,
                0.0,
                0.0
            ],
            "pre_opt_gt": 1.7422918566410465e-06,
            "min_gt": 9.227330449400758e-07,
            "shift_min_gt": 1.5522977227392213e-06
        },
        "1": {
            "dataset_name": "generated_23-01-08-22-21-57",
            "tag_noise": 5,
            "odom_noise": [
                0.0,
                0.0,
                0.0,
                0.0
            ],
            "pre_opt_gt": 2.3753076900457724,
            "min_gt": 0.24448019231733661,
            "shift_min_gt": 4.086792316038761
        },
        "2": {
            "dataset_name": "generated_23-01-08-22-24-00",
            "tag_noise": 10,
            "odom_noise": [
                0.0,
                0.0,
                0.0,
                0.0
            ],
            "pre_opt_gt": 2.2115681305000296,
            "min_gt": 0.7553768437418998,
            "shift_min_gt": 9.195660869827934
        },
        "3": {
            "dataset_name": "generated_23-01-08-22-26-10",
            "tag_noise": 0,
            "odom_noise": [
                0.01,
                0.01,
                0.01,
                0.001
            ],
            "pre_opt_gt": 0.9285592449672765,
            "min_gt": 0.7721829941098792,
            "shift_min_gt": 0.9866931697839806
        },
        "4": {
            "dataset_name": "generated_23-01-08-22-27-53",
            "tag_noise": 0,
            "odom_noise": [
                0.1,
                0.1,
                0.1,
                0.025
            ],
            "pre_opt_gt": 1.4435295536656387,
            "min_gt": 1.4435295536656394,
            "shift_min_gt": 2.0217458301433466
        },
        "5": {
            "dataset_name": "generated_23-01-08-22-29-47",
            "tag_noise": 5,
            "odom_noise": [
                0.01,
                0.01,
                0.01,
                0.001
            ],
            "pre_opt_gt": 1.7242899312752324,
            "min_gt": 0.5317860692202011,
            "shift_min_gt": 0.6582381950788648
        },
        "6": {
            "dataset_name": "generated_23-01-08-22-31-46",
            "tag_noise": 10,
            "odom_noise": [
                0.1,
                0.1,
                0.1,
                0.0025
            ],
            "pre_opt_gt": 5.492038918077244,
            "min_gt": 2.1538908931629073,
            "shift_min_gt": 12.544508275524771
        }
    },
    "p1_WH4_2*": {
        "0": {
            "dataset_name": "generated_23-01-08-22-33-53",
            "tag_noise": 0,
            "odom_noise": [
                0.0,
                0.0,
                0.0,
                0.0
            ],
            "pre_opt_gt": 5.293868336446158e-06,
            "min_gt": 4.463238947748469e-06,
            "shift_min_gt": 4.895712271140453e-06
        },
        "1": {
            "dataset_name": "generated_23-01-08-22-45-36",
            "tag_noise": 5,
            "odom_noise": [
                0.0,
                0.0,
                0.0,
                0.0
            ],
            "pre_opt_gt": 0.6519623406951998,
            "min_gt": 0.5781252911116169,
            "shift_min_gt": 0.6519623406737618
        },
        "2": {
            "dataset_name": "generated_23-01-08-23-20-42",
            "tag_noise": 10,
            "odom_noise": [
                0.0,
                0.0,
                0.0,
                0.0
            ],
            "pre_opt_gt": 1.8699621845349563,
            "min_gt": 0.9495953042871235,
            "shift_min_gt": 1.4484711678415463
        },
        "3": {
            "dataset_name": "generated_23-01-08-23-54-32",
            "tag_noise": 0,
            "odom_noise": [
                0.01,
                0.01,
                0.01,
                0.001
            ],
            "pre_opt_gt": 1.3000445899492543,
            "min_gt": 0.41716361437531346,
            "shift_min_gt": 1.72786723410843
        },
        "4": {
            "dataset_name": "generated_23-01-09-00-28-14",
            "tag_noise": 0,
            "odom_noise": [
                0.1,
                0.1,
                0.1,
                0.025
            ],
            "pre_opt_gt": 8.029797941917936,
            "min_gt": 2.2746868843841472,
            "shift_min_gt": 10.833779386558827
        },
        "5": {
            "dataset_name": "generated_23-01-09-01-05-35",
            "tag_noise": 5,
            "odom_noise": [
                0.01,
                0.01,
                0.01,
                0.001
            ],
            "pre_opt_gt": 2.6302135716355948,
            "min_gt": 0.8988963091680409,
            "shift_min_gt": 8.155242538674052
        },
        "6": {
            "dataset_name": "generated_23-01-09-01-41-28",
            "tag_noise": 10,
            "odom_noise": [
                0.1,
                0.1,
                0.1,
                0.0025
            ],
            "pre_opt_gt": 3.3250846680016046,
            "min_gt": 1.9465094949505932,