{
  "floor_2_obleft 83183896790958": {
    "Min_GT_Param_Index": 413.0,
    "Min_Alpha_Param_Index": 800.0,
    "GT_Param": "{\"lin_vel_var\": 7.742636826811277e-06, \"ang_vel_var\": 1.6681005372000556e-09, \"tag_sba_var\": 4.641588833612782e-07}",
    "Alpha_Param": "{\"lin_vel_var\": 0.5994842503189421, \"ang_vel_var\": 1e-10, \"tag_sba_var\": 1e-10}",
    "GT_GT": 27.30879020047122,
    "GT_GT_Delta": 25.067060605435117,
    "Alpha_GT": 28.09804851932197,
    "Alpha_GT_Delta": 25.85631892428587,
    "GT_Fitness": ">        chi2_all_before: 4.8e+10\n>       alpha_all_before: 2.4e+10\n> se3_not_gravity_before: 3.4e-14\n>          psi2uv_before: 4.8e+10\n>         gravity_before: 5.7e-13\n---------------------------------\n>         chi2_all_after: 3.6e+09\n>        alpha_all_after: 1.8e+09\n>  se3_not_gravity_after: 6.6e+08\n>           psi2uv_after: 3e+09\n>          gravity_after: 50",
    "Alpha_Fitness": ">        chi2_all_before: 1.7e+08\n>       alpha_all_before: 8.6e+07\n> se3_not_gravity_before: 5.7e-24\n>          psi2uv_before: 1.7e+08\n>         gravity_before: 5.7e-13\n---------------------------------\n>         chi2_all_after: 3e+04\n>        alpha_all_after: 1.2e+04\n>  se3_not_gravity_after: 1.8e+04\n>           psi2uv_after: 1.1e+04\n>          gravity_after: 5.1e+02",
    "GT_Rotation": [
      43.041671007262465,
      21.183601909135405,
      50.95489896918776
    ],
    "Alpha_Rotation": [
      56.56169374008238,
      24.449737346868137,
      58.366831526501564
    ],
    "GT_Max_Rotation": [
      167.6820531364324,
      82.73466654496654,
      179.05286621264534
    ],
    "GT_Max_Rotation_Tag_ID": 316.0,
    "Alpha_Max_Rotation": [
      173.56156159645508,
      71.931934782437,
      174.54472432486102
    ],
    "Alpha_Max_Rotation_Tag_ID": 305.0
  },
  "floor_2_obright 83932076089666": {
    "Min_GT_Param_Index": 787.0,
    "Min_Alpha_Param_Index": 897.0,
    "GT_Param": "{\"lin_vel_var\": 0.0359381366380464, \"ang_vel_var\": 0.5994842503189421, \"tag_sba_var\": 0.0359381366380464}",
    "Alpha_Param": "{\"lin_vel_var\": 0.5994842503189421, \"ang_vel_var\": 10.0, \"tag_sba_var\": 0.0359381366380464}",
    "GT_GT": 2.4830930692532625,
    "GT_GT_Delta": 0.4781038170914367,
    "Alpha_GT": 4.8034737353612975,
    "Alpha_GT_Delta": 2.7984844831994717,
    "GT_Fitness": ">        chi2_all_before: 3.8e+11\n>       alpha_all_before: 1.9e+11\n> se3_not_gravity_before: 4.7e-23\n>          psi2uv_before: 3.8e+11\n>         gravity_before: 5.3e-13\n---------------------------------\n>         chi2_all_after: 6.4e+08\n>        alpha_all_after: 3.2e+08\n>  se3_not_gravity_after: 1.7e+06\n>           psi2uv_after: 6.4e+08\n>          gravity_after: 0.039",
    "Alpha_Fitness": ">        chi2_all_before: 1.4e+09\n>       alpha_all_before: 6.9e+08\n> se3_not_gravity_before: 2.8e-24\n>          psi2uv_before: 1.4e+09\n>         gravity_before: 5.3e-13\n---------------------------------\n>         chi2_all_after: 2.2e+06\n>        alpha_all_after: 1.1e+06\n>  se3_not_gravity_after: 4.7e+03\n>           psi2uv_after: 2.2e+06\n>          gravity_after: 17",
    "GT_Rotation": [
      0.3875645346201077,
      2.6637488516400505,
      0.5697894864985072
    ],
    "Alpha_Rotation": [
      4.920417316347192,
      4.375500258638215,
      5.552355855603439
    ],
    "GT_Max_Rotation": [
      3.6558847796715987,
      18.763580567860366,
      1.5844139383006584
    ],
    "GT_Max_Rotation_Tag_ID": 317.0,
    "Alpha_Max_Rotation": [
      53.14805033798535,
      27.7878158158653,
      55.28120916999758
    ],
    "Alpha_Max_Rotation_Tag_ID": 301.0
  },
  "desnat_straight_three": {
    "Min_GT_Param_Index": 890.0,
    "Min_Alpha_Param_Index": 56.0,
    "GT_Param": "{\"lin_vel_var\": 0.5994842503189421, \"ang_vel_var\": 10.0, \"tag_sba_var\": 1e-10}",
    "Alpha_Param": "{\"lin_vel_var\": 1e-10, \"ang_vel_var\": 0.00012915496650148855, \"tag_sba_var\": 0.002154434690031887}",
    "GT_GT": 0.8023216045016179,
    "GT_GT_Delta": 0.376583086096101,
    "Alpha_GT": 0.3695606772244322,
    "Alpha_GT_Delta": -0.05617784118108471,
    "GT_Fitness": ">        chi2_all_before: 5.5e+13\n>       alpha_all_before: 2.8e+13\n> se3_not_gravity_before: 3.6e-24\n>          psi2uv_before: 5.5e+13\n>         gravity_before: 1.6e-12\n---------------------------------\n>         chi2_all_after: 2.8e+08\n>        alpha_all_after: 1.4e+08\n>  se3_not_gravity_after: 2.5\n>           psi2uv_after: 2.8e+08\n>          gravity_after: 0.0026",
    "Alpha_Fitness": ">        chi2_all_before: 4.3e+07\n>       alpha_all_before: 2.1e+07\n> se3_not_gravity_before: 3e-08\n>          psi2uv_before: 4.3e+07\n>         gravity_before: 1.6e-12\n---------------------------------\n>         chi2_all_after: 8.1e+03\n>        alpha_all_after: -1e+05\n>  se3_not_gravity_after: 7.3e+03\n>           psi2uv_after: 8e+02\n>          gravity_after: 1.6e-12",
    "GT_Rotation": [
      0.6640158267672813,
      1.5917259228368337,
      0.06379468501229878
    ],
    "Alpha_Rotation": [
      0.597230963813272,
      0.8384703978470819,
      0.05892672160375788
    ],
    "GT_Max_Rotation": [
      0.9678213016955723,
      7.121877821471406,
      0.16873918299672308
    ],
    "GT_Max_Rotation_Tag_ID": 301.0,
    "Alpha_Max_Rotation": [
      0.9006384838160152,
      2.203152398258547,
      0.1857374724202478
    ],
    "Alpha_Max_Rotation_Tag_ID": 305.0
  },
  "desnat_straight_once": {
    "Min_GT_Param_Index": 360.0,
    "Min_Alpha_Param_Index": 6.0,
    "GT_Param": "{\"lin_vel_var\": 4.641588833612782e-07, \"ang_vel_var\": 0.002154434690031887, \"tag_sba_var\": 1e-10}",
    "Alpha_Param": "{\"lin_vel_var\": 1e-10, \"ang_vel_var\": 1e-10, \"tag_sba_var\": 0.002154434690031887}",
    "GT_GT": 0.4723301231007136,
    "GT_GT_Delta": -0.13519157347104033,
    "Alpha_GT": 0.47120212602422085,
    "Alpha_GT_Delta": -0.13631957054753308,
    "GT_Fitness": ">        chi2_all_before: 7.6e+05\n>       alpha_all_before: 3.4e+05\n> se3_not_gravity_before: 1.1e-15\n>          psi2uv_before: 7.6e+05\n>         gravity_before: 9.7e-13\n----------------------------------\n>         chi2_all_after: 2.6e+02\n>        alpha_all_after: -3.6e+04\n>  se3_not_gravity_after: 85\n>           psi2uv_after: 1.7e+02\n>          gravity_after: 9.8e-13",
    "Alpha_Fitness": ">        chi2_all_before: 7.6e+05\n>       alpha_all_before: 3.2e+05\n> se3_not_gravity_before: 2.4e-08\n>          psi2uv_before: 7.6e+05\n>         gravity_before: 9.7e-13\n----------------------------------\n>         chi2_all_after: 1.4e+03\n>        alpha_all_after: -6.4e+04\n>  se3_not_gravity_after: 0.046\n>           psi2uv_after: 1.4e+03\n>          gravity_after: 9.7e-13",
    "GT_Rotation": [
      0.7379615067654479,
      1.0946182681287004,
      0.05111002177932678
    ],
    "Alpha_Rotation": [
      0.7359080989757376,
      1.107720246020244,
      0.051497931211337666
    ],
    "GT_Max_Rotation": [
      1.1371599294366985,
      2.7944113022108517,
      0.10795796155206693
    ],
    "GT_Max_Rotation_Tag_ID": 300.0,
    "Alpha_Max_Rotation": [
      1.1332058950918378,
      2.7862563578836554,
      0.10789628381589039
    ],
    "Alpha_Max_Rotation_Tag_ID": 300.0
  },
  "209-to-occam 18388694871585": {
    "Min_GT_Param_Index": 569.0,
    "Min_Alpha_Param_Index": 58.0,
    "GT_Param": "{\"lin_vel_var\": 0.00012915496650148855, \"ang_vel_var\": 0.002154434690031887, \"tag_sba_var\": 10.0}",
    "Alpha_Param": "{\"lin_vel_var\": 1e-10, \"ang_vel_var\": 0.00012915496650148855, \"tag_sba_var\": 0.5994842503189421}",
    "GT_GT": 0.6237171475666078,
    "GT_GT_Delta": -0.12838689941825576,
    "Alpha_GT": 0.6077510086873326,
    "Alpha_GT_Delta": -0.144353038297531,