{"sweep_range": [5.0, 5.5, 6.0, 6.5, 7.0, 7.5, 8.0, 8.5, 9.0, 9.5, 10.0, 10.5, 11.0, 11.5, 12.0, 12.5, 13.0, 13.5, 14.0, 14.5, 15.0], "metrics": [[0.6158307931369857, 0.6225488979506478, 0.6365756145581514, 0.6292852509041654, 0.6060131653295393, 0.5615455873618653, 0.5126599896665869, 0.397362709015587, 0.3627417748997738, 0.40767840191366245, 0.4412866101041285, 0.48214184636092716, 0.5550587725422134, 0.6673876347380477, 0.7789977968948888, 0.8418115086475265, 0.8550160653004601, 0.819540570125713, 0.8225654747436701, 0.7498911542068789, 0.6711441773550377], [0.6222311467652675, 0.6365884387901848, 0.6297068462342907, 0.6072430373334835, 0.562823923428281, 0.5145553187614363, 0.39792677668540904, 0.36179743762067895, 0.4078944385260942, 0.4419799780577616, 0.4831016081126635, 0.5560974887189598, 0.6681954484051457, 0.7795250196879555, 0.8421813854658187, 0.8552687550050088, 0.8196784480934728, 0.8222155151805797, 0.749419173883263, 0.6700900355968482, 0.5870427844545055], [0.6368889559326294, 0.6306120930202521, 0.6091237740124614, 0.5651229665610827, 0.5175254329078943, 0.3988193326126124, 0.3610683300448261, 0.4078266183747922, 0.4424788280566842, 0.48396236572924894, 0.5571496507101599, 0.6691156158099937, 0.7801852436859021, 0.8425963545883114, 0.8554491906575628, 0.81962093481356, 0.8164571144109999, 0.7484824857223413, 0.6689195208494112, 0.5847070604497915, 0.5709197580763254], [0.6460648568605621, 0.6124318932851452, 0.5887020022576198, 0.5220817095640455, 0.400431588618897, 0.3614869532356024, 0.4076290655242768, 0.4427779570518417, 0.48465963407285484, 0.558132377781287, 0.6701101400336231, 0.7809694084097647, 0.8430920240858254, 0.8556095335208582, 0.8194137493859245, 0.8200687449258227, 0.7471836125770478, 0.6673257935241026, 0.5818655660625153, 0.5701533406608644, 0.7070646618556664], [0.6277077911485425, 0.5914973407758494, 0.5486890905699224, 0.4031505210654978, 0.36324289659561937, 0.4076488431612031, 0.4430438421748193, 0.485261716400166, 0.5590376792892228, 0.6711245989320004, 0.781833642275579, 0.8436551451099642, 0.855754742013864, 0.8190844553169703, 0.8168039236117945, 0.745599295701488, 0.6655689003973677, 0.5799088818163618, 0.5685462742194702, 0.7105857838173879, 1.1211993190218885], [0.6403291329433063, 0.5889456165376536, 0.4071740958918419, 0.3655753087148131, 0.4082181410207421, 0.4436059620707706, 0.4860119035804194, 0.5599849099475327, 0.6721468120085765, 0.7827123492045613, 0.8442134426185283, 0.8558229497492267, 0.818599675677778, 0.8173217716026772, 0.7440689594026934, 0.6640676743015249, 0.5783194903566335, 0.5665229752071149, 0.7109475762185171, 1.12968360550094, 1.8752357035356038], [0.5904947961833331, 0.41225803748683554, 0.36765044359016086, 0.40950646791722023, 0.44479630799633274, 0.48720168248309015, 0.561146531427205, 0.6731995984346356, 0.7835391797291918, 0.8446581581756253, 0.8557070051243858, 0.8179143647268925, 0.7707182010596118, 0.7427905989969968, 0.6638795573314312, 0.5774451276900523, 0.5643546942983323, 0.7122983953929605, 1.136072614242824, 1.88589303575426, 2.68047588763483], [0.4178375272051096, 0.3665097408195817, 0.4077359604055058, 0.446753143229075, 0.48894942371247574, 0.562588927918823, 0.674278526966285, 0.7842554194806763, 0.8448973450125995, 0.8553289461937776, 0.8170403085609288, 0.7639700357304371, 0.7275830821152629, 0.6661712707222821, 0.5786814224553402, 0.5637675071455176, 0.7115574043325804, 1.1404260387049399, 1.894319928442762, 2.6871870924790247, 3.1057228424712067], [0.3684812747224927, 0.4104783048151613, 0.44930263628020806, 0.4910904212369817, 0.5641968399392023, 0.6753184020697915, 0.7848191888457833, 0.8449114211539768, 0.8551517690837246, 0.8160876306639329, 0.7628064780904121, 0.7133123157957084, 0.6568030292788054, 0.5794971457559321, 0.56335174644499, 0.7113531692273048, 1.1436455559279401, 1.9000869608821191, 2.69319568958907, 3.1072403232167467, 2.7776679118207612], [0.41347651062121366, 0.45201981129966706, 0.49327672821583013, 0.5657507059466746, 0.6762284066102959, 0.7852203063390344, 0.8447626719909159, 0.8544135478353121, 0.81521272818862, 0.7622850917634293, 0.7128342489452283, 0.6572159944446136, 0.5810959123184178, 0.5631564707566007, 0.7109196742413935, 1.14597175248503, 1.9044652462074327, 2.700987089596399, 3.108197761881513, 2.775067851443082, 1.6592182141748606], [0.4544689986889878, 0.4951890529073631, 0.5670646087530739, 0.6769480198574537, 0.7854808629843766, 0.8445470973212145, 0.8537212620148376, 0.8145208948063611, 0.7616317675821308, 0.7131893676760889, 0.6581229028581969, 0.5821470172229568, 0.5626210653375648, 0.7102281094973764, 1.1465590440139062, 1.9083384946877993, 2.705076597997096, 3.1080713795857307, 2.7739777293767167, 1.658226338079862, 1.0968003626707337], [0.49667226013477417, 0.5680620497844493, 0.6774697305912406, 0.7856386967925254, 0.8443391663926036, 0.8531665813244654, 0.81403055906354, 0.7612445229236203, 0.7138836675304843, 0.6596846706644548, 0.5837475044438245, 0.5613875465160718, 0.7089504033875696, 1.1483710191169922, 1.9109933970349977, 2.70688812163377, 3.108770298188751, 2.773882154398317, 1.6586573278762673, 1.0974916420067413, 1.0759812364444608], [0.5687617918386614, 0.6778241965234812, 0.7857301746584556, 0.8441731262714193, 0.8527669449787532, 0.8137064898568096, 0.7610187256506379, 0.7145819614906587, 0.6612547177823855, 0.5852007701871589, 0.5536756506587039, 0.7111481775778269, 1.1503994439427547, 1.9140510193017257, 2.7095924370684616, 3.1101862639121993, 2.77459114952042, 1.6598427615944233, 1.0983141529434333, 1.0757574206989156, 1.2093425232554886], [0.6780546856890004, 0.7857821677137408, 0.8440540348675298, 0.8524982034922374, 0.8135008923742623, 0.760883963189503, 0.7151329248101713, 0.6694283268123524, 0.5863731687313023, 0.5514222577162369, 0.7120321466348754, 1.1538998057422882, 1.9171105823652745, 2.712208362958231, 3.1111319992518873, 2.7758415960233473, 1.6616014934709027, 1.099332933668694, 1.0754578592357569, 1.2089498318982477, 1.3196785764406256], [0.7858117051029481, 0.8439739877601165, 0.8523249522570093, 0.813373368968803, 0.7608017738811627, 0.7155170953628585, 0.6697326483509556, 0.5872528405135709, 0.5513496750934351, 0.7127236624634826, 1.1557727272545277, 1.9201030278337217, 2.714723136323717, 3.115918072703714, 2.7774713454233892, 1.663796867001322, 1.1005183758971875, 1.075086010669123, 1.2084383558810265, 1.3192517510567578, 1.3935261380681379], [0.8439222679549128, 0.8522160647921858, 0.8132952223282853, 0.7607513967518469, 0.7145191568769297, 0.6699306216649874, 0.5878934800636929, 0.5512659074589648, 0.7139514292521698, 1.1563693181221288, 1.921261920449525, 2.7140997149391177, 3.117377174045542, 2.7791275965554947, 1.6661453309147367, 1.10167832802235, 1.0747256584121594, 1.2078852117413763, 1.318735740290285, 1.393133779785141, 1.4399798916003155], [0.8521486238836278, 0.8132476593809477, 0.7607207001739554, 0.7144497372148811, 0.6700545624709594, 0.5883133985580339, 0.5511908318474551, 0.7095165328460211, 1.1583460777597416, 1.9234382077293424, 2.717204500944069, 3.1195460748416117, 2.7809800429083555, 1.6681751870732435, 1.1028350429886664, 1.0743341646219575, 1.2069827270433484, 1.3182529639157807, 1.3927112601096026, 1.439660285597684, 1.4683792463958019], [0.8132187984576073, 0.760702150083097, 0.7144063679767829, 0.6701308719301043, 0.5885792613034817, 0.5526506040417637, 0.7101615712568514, 1.1598598793937176, 1.9250578132211646, 2.717387244734188, 3.1193174005051234, 2.7825083348683988, 1.6699023373094306, 1.104183288320486, 1.074063126978286, 1.206856160191892, 1.317782915971212, 1.3923366685832874, 1.4393479236450033, 1.4681360184968257, 1.4853493256567567], [0.7606909894153592, 0.7143796299630395, 0.6701775394069879, 0.5887438871141052, 0.5525771862207496, 0.7137934971801969, 1.1609325430581237, 1.9261826657945882, 2.7188189853448153, 3.121276678938037, 2.783578609052058, 1.6718447698887422, 1.105039095127566, 1.0739916258111324, 1.2063680170380842, 