{
  "gt_results_arr_shape": [
    7,
    9,
    9
  ],
  "sweep_config": {
    "lin_vel_var": [
      1e-07,
      6.812920690579608e-07,
      4.641588833612782e-06,
      3.1622776601683795e-05,
      0.00021544346900318845,
      0.0014677992676220704,
      0.01
    ],
    "ang_vel_var": [
      1e-07,
      1.333521432163324e-06,
      1.778279410038923e-05,
      0.00023713737056616554,
      0.0031622776601683794,
      0.042169650342858224,
      0.5623413251903491,
      7.498942093324558,
      100.0
    ],
    "tag_sba_var": [
      1e-07,
      1.333521432163324e-06,
      1.778279410038923e-05,
      0.00023713737056616554,
      0.0031622776601683794,
      0.042169650342858224,
      0.5623413251903491,
      7.498942093324558,
      100.0
    ]
  },
  "gt_results_list": [
    1.5695152504935073,
    0.5568365504641025,
    0.09277450083707756,
    0.05505222576323589,
    0.044739921746690114,
    0.046974582718784685,
    0.0618020993077177,
    0.07545269317733863,
    0.08829310672383761,
    2.408749277300209,
    1.5694708272197753,
    0.5568292345970851,
    0.09274593328457176,
    0.05504190283371888,
    0.04473587998828956,
    0.04692431925112968,
    0.06163105724586032,
    0.07514959864062329,
    2.389233985939908,
    2.4085764956814475,
    1.569237998246655,
    0.5567321335288398,
    0.09236970380889442,
    0.05490805011775174,
    0.04468842010240695,
    0.04587108409098973,
    0.05979070050936504,
    2.41107257044019,
    2.3861920841702737,
    2.3602669749617227,
    1.5662150858892183,
    0.5555617112036237,
    0.0966332536400734,
    0.055489508018473646,
    0.04423258946603423,
    0.044216966929222515,
    2.450449875348405,
    2.350178970653163,
    2.3649547564493574,
    2.2249908024342138,
    1.5345161375897978,
    0.5501227003247795,
    0.08082962580721859,
    0.05047961347621169,
    0.041035509208103504,
    2.3605074285746914,
    2.240451679714561,
    2.2323293298435605,
    2.237096712084332,
    2.165642935025579,
    1.4924406071255474,
    0.5492772535901516,
    0.06364998629751689,
    0.04693108627237941,
    2.6306220068751194,
    2.435574434384308,
    2.399087856812323,
    2.2713211253080776,
    2.2036917828656524,
    2.2277948859100114,
    1.4941737881316652,
    0.5568561570889055,
    0.0645971897948254,
    0.9076657008187925,
    2.650150361334303,
    2.2728564014405555,
    2.3484016841247635,
    2.3091310975636867,
    2.233846019735397,
    2.170004064194475,
    1.4798603906338197,
    0.5904242079225297,
    0.4874983308722773,
    0.9843200814185957,
    2.816657774443197,
    2.340084754938937,
    2.372692209427436,
    2.3114921288264565,
    2.271921950685037,
    2.275543096013048,
    1.5877314343938873,
    1.5695152504935073,
    0.5568365504641025,
    0.09277450083707756,
    0.05505222576323589,
    0.044739921746690114,
    0.046974582718784685,
    0.0618020993077177,
    0.07545269317733863,
    0.08829310672383761,
    2.408749277300209,
    1.5694708272197753,
    0.5568292345970851,
    0.09274593328457176,
    0.05504190283371888,
    0.04473587998828956,
    0.04692431925112968,
    0.06163105724586032,
    0.07514959864062329,
    2.389233985939908,
    2.4085764956814475,
    1.569237998246655,
    0.5567321335288398,
    0.09236970380889442,
    0.05490805011775174,
    0.04468842010240695,
    0.04587108409098973,
    0.05979070050936504,
    2.41107257044019,
    2.3861920841702737,
    2.3602669749617227,
    1.5662150858892183,
    0.5555617112036237,
    0.0966332536400734,
    0.055489508018473646,
    0.04423258946603423,
    0.044216966929222515,
    2.450449875348405,
    2.350178970653163,
    2.3649547564493574,
    2.2249908024342138,
    1.5345161375897978,
    0.5501227003247795,
    0.08082962580721859,
    0.05047961347621169,
    0.041035509208103504,
    2.3605074285746914,
    2.240451679714561,
    2.2323293298435605,
    2.237096712084332,
    2.165642935025579,
    1.4924406071255474,
    0.5492772535901516,
    0.06364998629751689,
    0.04693108627237941,
    2.6306220068751194,
    2.435574434384308,
    2.399087856812323,
    2.2713211253080776,
    2.2036917828656524,
    2.2277948859100114,
    1.4941737881316652,
    0.5568561570889055,
    0.0645971897948254,
    0.9076657008187925,
    2.650150361334303,
    2.2728564014405555,
    2.3484016841247635,
    2.3091310975636867,
    2.233846019735397,
    2.170004064194475,
    1.4798603906338197,
    0.5904242079225297,
    0.4874983308722773,
    0.9843200814185957,
    2.816657774443197,
    2.340084754938937,
    2.372692209427436,
    2.3114921288264565,
    2.271921950685037,
    2.275543096013048,
    1.5877314343938873,
    1.5695152504935073,
    0.5568365504641025,
    0.09277450083707756,
    0.05505222576323589,
    0.044739921746690114,
    0.046974582718784685,
    0.0618020993077177,
    0.07545269317733863,
    0.08829310672383761,
    2.408749277300209,
    1.5694708272197753,
    0.5568292345970851,
    0.09274593328457176,
    0.05504190283371888,
    0.04473587998828956,
    0.04692431925112968,
    0.06163105724586032,
    0.07514959864062329,
    2.389233985939908,
    2.4085764956814475,
    1.569237998246655,
    0.5567321335288398,
    0.09236970380889442,
    0.05490805011775174,
    0.04468842010240695,
    0.04587108409098973,
    0.05979070050936504,
    2.41107257044019,
    2.3861920841702737,
    2.3602669749617227,
    1.5662150858892183,
    0.5555617112036237,
    0.0966332536400734,
    0.055489508018473646,
    0.04423258946603423,
    0.044216966929222515,
    2.450449875348405,
    2.350178970653163,
    2.3649547564493574,
    2.2249908024342138,
    1.5345161375897978,
    0.5501227003247795,
    0.08082962580721859,
    0.05047961347621169,
    0.041035509208103504,
    2.3605074285746914,
    2.240451679714561,
    2.2323293298435605,
    2.237096712084332,
    2.165642935025579,
    1.4924406071255474,
    0.5492772535901516,
    0.06364998629751689,
    0.04693108627237941,
    2.6306220068751194,
    2.435574434384308,
    2.399087856812323,
    2.2713211253080776,
    2.2036917828656524,
    2.2277948859100114,
    1.4941737881316652,
    0.5568561570889055,
    0.0645971897948254,
    0.9076657008187925,
    2.650150361334303,
    2.2728564014405555,
    2.3484016841247635,
    2.3091310975636867,
    2.233846019735397,
    2.170004064194475,
    1.4798603906338197,
    0.5904242079225297,
    0.4874983308722773,
    0.9843200814185957,
    2.816657774443197,
    2.340084754938937,
    2.372692209427436,
    2.3114921288264565,
    2.271921950685037,
    2.275543096013048,
    1.5877314343938873,
    1.5695152504935073,
    0.5568365504641025,
    0.09277450083707756,
    0.05505222576323589,
    0.044739921746690114,
    0.046974582718784685,
    0.0618020993077177,
    0.07545269317733863,
    0.08829310672383761,
    2.408749277300209,
    1.5694708272197753,
    0.5568292345970851,
    0.09274593328457176,
    0.05504190283371888,
    0.04473587998828956,
    0.04692431925112968,
    0.06163105724586032,
    0.07514959864062329,
    2.389233985939908,
    2.4085764956814475,
    1.569237998246655,
    0.5567321335288398,
    0.09236970380889442,
    0.05490805011775174,
    0.04468842010240695,
    0.04587108409098973,
    0.05979070050936504,
    2.41107257044019,
    2.3861920841702737,
    2.3602669749617227,
    1.5662150858892183,
    0.5555617112036237,
    0.0966332536400734,
    0.055489508018473646,
    0.04423258946603423,
    0.044216966929222515,
    2.450449875348405,
    2.350178970653163,
    2.3649547564493574,
    2.2249908024342138,
    1.5345161375897978,
    0.5501227003247795,
    0.08082962580721859,
    0.05047961347621169,
    0.041035509208103504,
    2.3605074285746914,
    2.240451679714561,
    2.2323293298435605,
    2.237096712084332,
    2.165642935025579,
    1.4924406071255474,
    0.5492772535901516,
    0.06364998629751689,
    0.04693108627237941,
