{"odom_tag_ratio": [4.5399929762484854e-05, 5.829466373086881e-05, 7.48518298877006e-05, 9.61116520613947e-05, 0.00012340980408667956, 0.00015846132511575126, 0.00020346836901064417, 0.00026125855730166754, 0.00033546262790251185, 0.00043074254057568753, 0.0005530843701478336, 0.000710174388842549, 0.0009118819655545162, 0.0011708796207911744, 0.0015034391929775724, 0.0019304541362277093, 0.0024787521766663585, 0.003182780796509667, 0.004086771438464067, 0.005247518399181385, 0.006737946999085467, 0.008651695203120634, 0.011108996538242306, 0.014264233908999256, 0.01831563888873418, 0.023517745856009107, 0.0301973834223185, 0.03877420783172201, 0.049787068367863944, 0.06392786120670757, 0.0820849986238988, 0.10539922456186433, 0.1353352832366127, 0.17377394345044514, 0.22313016014842982, 0.2865047968601901, 0.36787944117144233, 0.4723665527410147, 0.6065306597126334, 0.7788007830714049, 1.0, 1.2840254166877414, 1.6487212707001282, 2.117000016612675, 2.718281828459045, 3.4903429574618414, 4.4816890703380645, 5.754602676005731, 7.38905609893065, 9.487735836358526, 12.182493960703473, 15.642631884188171, 20.085536923187668, 25.790339917193062, 33.11545195869231, 42.52108200006278, 54.598150033144236, 70.10541234668786, 90.01713130052181, 115.58428452718766, 148.4131591025766, 190.56626845863, 244.69193226422038, 314.1906602856942, 403.4287934927351, 518.012824668342, 665.1416330443618, 854.0587625261516, 1096.6331584284585, 1408.1048482046956, 1808.0424144560632, 2321.572414611057, 2980.9579870417283, 3827.6258214399063, 4914.768840299134, 6310.688108089024, 8103.083927575384, 10404.565716560723, 13359.726829661873, 17154.228809290984, 22026.465794806718], "duncan_chi2s": {"comparison_baseline": [23478.552026744073, 19220.902974394383, 20321.50526157097, 25693.390590199055, 26201.64752902722, 20677.00371413168, 21005.259362703822, 25174.389871374962, 17389.609841019676, 21401.62383562812, 19206.831442318264, 21446.35515654514, 21220.327764011305, 16628.320391388344, 23868.922323675684, 20034.05150553044, 16580.824932844476, 19080.90079208466, 10962.205409057991, 20262.98021500961, 12954.168552466088, 14153.90831871518, 15601.923979129024, 18916.39416620438, 2335.6413343372915, 14515.623841445818, 24315.956252121923, 9840.576524127258, 14138.3679981848, 23992.33235155584, 26491.969072051244, 11574.511474625066, 19359.87896202756, 12956.321378657118, 15330.48260826194, 14912.012405556909, 20550.07163744199, 10297.266911167822, 18283.720475691473, 17348.5841468985, 11560.610671492723, 22662.960938001223, 40423.04283601268, 22760.37479115363, 27101.327926678434, 27166.623755222754, 22396.908262863784, 340.79653255759433, 19757.72456576834, 10129.569613041916, 25542.494610482114, 13639.711437094194, 27833.228191389426, 17650.902545137225, 13005.396276944806, 10224.281237206695, 44609.655413053646, 9943.719045483305, 30655.85403635204, 30624.72295036294, 21879.626266004536, 26375.363017993175, 26155.18772348139, 13231.693128478006, 0.2986088307781033, 0.29849645805266933, 20014.42743062237, 0.2984466497506861, 0.2984479208511071, 0.29852514737087543, 0.29873865853430037, 17387.00582205659, 13141.35804940901, 104.0972580370755, 106.47526044155069, 106.43999859874887, 106.4757330046883, 4778.556655922565, 106.2665340990433, 133.03828547261818, 133.09284977012692], "trust_tags": [15796.75318740818, 15998.728002471455, 17563.355887240068, 21814.795795987837, 19447.155029818383, 20901.851761918642, 25436.892150525156, 26572.849452948427, 18250.799236381365, 24823.2650139758, 25146.818482886334, 15056.844107811572, 19874.106261092995, 21195.03233791339, 14351.642770485161, 19556.253046268997, 16993.388989547457, 21791.767998892326, 22166.267524413983, 11165.522344356476, 23970.103609479855, 14784.788302319443, 12483.713993599364, 19334.415944082233, 20266.562620897264, 13401.159583820725, 20637.950906367758, 15448.2870192615, 17900.76725014278, 16890.794537120302, 12239.275308425607, 2247.510454586062, 16095.862872642305, 23283.926771089726, 80190216.34127104, 19341.196446541344, 17680.73807948402, 23910.933947382986, 12106.517521577354, 19366.082395862253, 18819.18169135599, 16832.636540801897, 15726.347007935448, 15651.364884955156, 24652.232213039322, 41270.78186373066, 33588.43978707791, 27402.898369805014, 27189.170769755656, 21808.147678535403, 344.1879124111913, 16997.123702446406, 14601.23491797093, 27843.354678329815, 14127.635861401826, 28172.961043585892, 14618.906010790504, 14275.766914954864, 23958.70684649892, 42080.860183771976, 5082.46148377842, 26226.911461632088, 30819.624962161946, 21973.869581434043, 26158.82260507628, 26347.303945669344, 13284.621807420708, 0.29860184074271334, 0.29849181684074033, 1562.2195485506018, 0.29844326244435093, 0.2984487796168898, 0.29853295633869065, 4305.232517406463, 16976.35921062335, 8724.961457877085, 106.43226330330492, 106.47760360538925, 106.43788325129354, 106.95341918188855, 5085.313815853588], "trust_odom": [13855.11720611952, 16741.823731288136, 16869.80072618539, 14908.850893500672, 18561.136332902726, 13759.270464261223, 24406.891133492547, 19648.28472279438, 17437.329411021878, 23440.12472260562, 16547.46205939281, 20114.991968609775, 19418.153167614262, 16760.363683634492, 17296.672639922945, 29240.85010505488, 18114.70903216232, 15337.171591377544, 25306.738159426022, 14996.324043820967, 22422.198551650305, 19120.27323699011, 20548.34731576177, 19952.916103556636, 14540.583993521637, 10406.587205120693, 12472.851274032138, 10062.887987721066, 13090.14527398176, 18797.970135126117, 15051.520270585346, 16568.02322175605, 10090.046642062218, 11251.752871208964, 2233.0015306197556, 18740.1979356147, 22954.088678894546, 29708.15196217314, 12112.223645006314, 18031.14710533225, 19990.148066509537, 24942.82721946137, 27622.05816813017, 9868.064556597159, 19380.776176045594, 17297.019258245142, 10333.43296402855, 27822.121902498373, 42441.30658701597, 26697.764290638534, 28354.297911839047, 33398.663095721015, 18057.930677460183, 345.3257748950005, 17672.835715221783, 10135.768474230312, 25498.12940429258, 6457.460869213212, 32301.244683276087, 16048.83984684532, 15256.844003812204, 12447.232508256375, 53133.01289043924, 4710.742955109244, 30799.065300289512, 30793.998110428904, 21722.165729878874, 25913.167264928547, 26232.232977051146, 13200.672311149912, 0.2985949614216931, 0.29848731532068484, 1561.546591280782, 0.29844000006639515, 0.2984499407638347, 0.2985411791240113, 4388.810340532919, 17343.423027015888, 4365.82098000479, 106.43468259594714, 106.47996513138008],