{"odom_tag_ratio": [-10.0, -9.75, -9.5, -9.25, -9.0, -8.75, -8.5, -8.25, -8.0, -7.75, -7.5, -7.25, -7.0, -6.75, -6.5, -6.25, -6.0, -5.75, -5.5, -5.25, -5.0, -4.75, -4.5, -4.25, -4.0, -3.75, -3.5, -3.25, -3.0, -2.75, -2.5, -2.25, -2.0, -1.75, -1.5, -1.25, -1.0, -0.75, -0.5, -0.25, 0.0, 0.25, 0.5, 0.75, 1.0, 1.25, 1.5, 1.75, 2.0, 2.25, 2.5, 2.75, 3.0, 3.25, 3.5, 3.75, 4.0, 4.25, 4.5, 4.75, 5.0, 5.25, 5.5, 5.75, 6.0, 6.25, 6.5, 6.75, 7.0, 7.25, 7.5, 7.75, 8.0, 8.25, 8.5, 8.75, 9.0, 9.25, 9.5, 9.75, 10.0], "duncan_chi2s": {"comparison_baseline": [13363.643594165284, 11638.482525013595, 12108.561596200358, 11770.153144689782, 10106.165989245064, 13683.514800612638, 11227.418021077217, 12167.412747948023, 11355.59118545536, 14648.573207697382, 10549.408213563482, 9983.421630985586, 10700.622110578728, 11779.267905926521, 11630.682680587459, 11308.423758754136, 11560.610671492723, 11560.610671492714, 11560.610671492712, 11560.61067149271, 11560.61067149271, 11560.610671492726, 11560.610671492723, 11560.61067149271, 11560.610671492723, 11560.610671492728, 11560.610671492715, 11560.61067149271, 10707.834355838766, 10707.834355838771, 10707.834355838779, 11560.61067149271, 10707.834355838786, 10707.834355838779, 11560.610671492734, 11560.610671492714, 11560.610671492728, 11560.6106714927, 11560.610671492732, 11560.610671492725, 11560.610671492708, 11560.610671492728, 11560.610671492712, 11560.61067149271, 11560.610671492695, 11560.610671492708, 11560.610671492695, 11560.610671492726, 11560.610671492712, 11560.610671492706, 11560.610671492705, 11560.610671492717, 10707.834355838782, 11560.610671492708, 11560.61067149271, 11560.610671492723, 10707.83435583876, 10707.834355838788, 11560.61067149271, 11560.610671492697, 11560.610671492721, 11560.610671492692, 11560.61067149271, 11560.61067149271, 11560.61067149272, 11560.610671492712, 11560.610671492706, 11560.610671492725, 11560.610671492706, 11560.610671492717, 11560.610671492701, 11252.752919986982, 11252.752919986988, 13313.08367983809, 12799.944921594762, 12799.944921594772, 12799.94492159477, 12799.944921594744, 12799.944921594762, 12799.944921594788, 12799.944921594759], "trust_tags": [17839.05795090276, 18483.4907110279, 13388.457842059617, 13759.496507205486, 12855.601648215219, 11840.881165563154, 14580.049080093353, 13052.598950605518, 12503.080994914215, 12733.030392923169, 14089.842873088817, 11425.155551201888, 18811.012951200795, 18819.265125032165, 15214.194527408497, 18815.74988475877, 15211.238654634612, 15211.23865463461, 15211.2386546346, 15211.2386546346, 15211.238654634632, 15211.238654634619, 15211.23865463462, 15211.238654634612, 15211.238654634612, 15211.23865463463, 15211.23865463461, 15211.238654634593, 15211.238654634599, 15211.23865463463, 15211.238654634613, 15211.238654634593, 15211.238654634606, 15211.238654634617, 15211.238654634615, 15211.238654634593, 18819.181298801224, 18819.181298801243, 18819.18129880121, 18819.181298801235, 18819.181298801213, 18819.1812988012, 18819.1812988012, 18819.181298801195, 18819.18129880124, 18819.181298801235, 15211.238654634624, 18819.181298801213, 18819.181298801203, 18819.181298801188, 18819.18129880121, 18819.18129880119, 15211.238654634604, 15211.238654634622, 15211.238654634637, 15211.238654634635, 15211.238654634613, 15211.23865463462, 15211.238654634624, 15211.238654634632, 15211.238654634633, 15211.238654634619, 15211.238654634626, 15211.238654634646, 15211.238654634626, 15211.238654634613, 15211.238654634626, 15211.238654634619, 15211.238654634622, 15211.238654634612, 15211.238654634617, 18819.181298801253, 18819.181298801228, 18819.181298801206, 18819.181298801217, 18819.18129880121, 18819.18129880121, 18819.18129880121, 18819.18129880123, 18819.18129880121, 18819.18129880124], "trust_odom": [18914.135936069324, 22235.618259585022, 17742.176658840806, 22670.36485930205, 17345.797460679198, 19086.762035246626, 16886.54648584681, 23597.114354247842, 21572.69403742607, 19915.87691605097, 19588.773109478152, 19994.85227900478, 21238.040784650264, 20711.113798650014, 17587.524912906334, 23887.38606604765, 20218.045962230357, 20218.04596223036, 20218.045962230393, 20218.045962230364, 20218.045962230368, 20218.04596223039, 20218.045962230368, 20218.04596223039, 20218.045962230408, 20218.04596223039, 20218.04596223036, 20218.045962230408, 17170.354612479427, 17170.354612479452, 17170.35461247943, 20218.045962230415, 17170.354612479434, 17170.35461247943, 20218.045962230386, 20218.04596223036, 20218.045962230375, 20218.045962230375, 20218.04596223038, 20218.045962230382, 20218.045962230404, 20218.045962230386, 20218.045962230426, 20218.045962230393, 20218.045962230375, 20218.045962230404, 20218.045962230364, 20218.045962230382, 20218.045962230386, 20218.04596223039, 20218.045962230393, 20218.04596223038, 17170.354612479434, 20218.04596223041, 20218.04596223037, 20218.04596223034, 17170.354612479416, 17170.354612479434, 20218.0459622304, 20218.045962230408, 20218.045962230382, 20218.045962230397, 20218.045962230393, 20218.045962230368, 20218.0459622304, 20218.04596223038, 20218.04596223038, 20218.045962230368, 20218.045962230404, 20218.045962230397, 20218.045962230357, 16503.912650001676, 16503.912650001683, 16503.91265000169, 16503.912650001712, 16503.912650001697, 16503.912650001672, 16503.912650001694, 16503.912650001676, 16503.912650001683, 16503.912650001697], "sensible_default_weights": [29522.493608194844, 26915.208048705674, 30503.265928786277, 27465.870903904914, 27674.838635686214, 28644.039820151826, 31064.29616441742, 27289.231529451536, 26416.230526249674, 26068.390870493058, 30238.956294690997, 28975.60740437098, 27130.517951741822, 32354.424162586936, 29572.300991656328, 28537.336820262848, 30859.300754986896, 30859.30075498692, 30859.300754986907, 30859.30075498693, 30859.300754986936, 30859.30075498695, 30859.300754986914, 30859.300754986936, 30859.30075498692, 30859.300754986914, 30859.30075498692, 30859.300754986936, 27502.34668037042, 27502.346680370414, 27502.346680370443, 30859.300754986944, 27502.346680370432, 27502.346680370414, 30859.300754986958, 30859.300754986965, 27502.346680370403, 27502.346680370458, 27502.34668037042, 27502.346680370414, 27502.3466803704, 27502.346680370436, 27502.34668037042, 27502.346680370407, 27502.34668037041, 27502.34668037041, 30859.300754986944, 27502.34668037045, 27502.34668037039, 27502.34668037043, 27502.34668037042, 27502.346680370407, 27502.346680370374, 30859.300754986918, 30859.300754986954, 30859.30075498691, 27502.346680370414, 27502.346680370414, 30859.30075498691, 30859.300754986925, 30859.300754986918, 30859.300754986903, 30859.300754986914, 30859.30075498691, 30859.30075498696, 30859.300754986947, 30859.300754986947, 30859.30075498695, 30859.300754986933, 30859.30075498694, 30859.300754986918, 27502.346680370418, 27502.346680370403, 27502.34668037043, 27502.34668037039, 27502.34668037043, 27502.346680370414, 27502.34668037039, 27502.3466803704, 27502.346680370403, 27502.346680370407]},