{"odom_tag_ratio": [4.5399929762484854e-05, 5.829466373086881e-05, 7.48518298877006e-05, 9.61116520613947e-05, 0.00012340980408667956, 0.00015846132511575126, 0.00020346836901064417, 0.00026125855730166754, 0.00033546262790251185, 0.00043074254057568753, 0.0005530843701478336, 0.000710174388842549, 0.0009118819655545162, 0.0011708796207911744, 0.0015034391929775724, 0.0019304541362277093, 0.0024787521766663585, 0.003182780796509667, 0.004086771438464067, 0.005247518399181385, 0.006737946999085467, 0.008651695203120634, 0.011108996538242306, 0.014264233908999256, 0.01831563888873418, 0.023517745856009107, 0.0301973834223185, 0.03877420783172201, 0.049787068367863944, 0.06392786120670757, 0.0820849986238988, 0.10539922456186433, 0.1353352832366127, 0.17377394345044514, 0.22313016014842982, 0.2865047968601901, 0.36787944117144233, 0.4723665527410147, 0.6065306597126334, 0.7788007830714049, 1.0, 1.2840254166877414, 1.6487212707001282, 2.117000016612675, 2.718281828459045, 3.4903429574618414, 4.4816890703380645, 5.754602676005731, 7.38905609893065, 9.487735836358526, 12.182493960703473, 15.642631884188171, 20.085536923187668, 25.790339917193062, 33.11545195869231, 42.52108200006278, 54.598150033144236, 70.10541234668786, 90.01713130052181, 115.58428452718766, 148.4131591025766, 190.56626845863, 244.69193226422038, 314.1906602856942, 403.4287934927351, 518.012824668342, 665.1416330443618, 854.0587625261516, 1096.6331584284585, 1408.1048482046956, 1808.0424144560632, 2321.572414611057, 2980.9579870417283, 3827.6258214399063, 4914.768840299134, 6310.688108089024, 8103.083927575384, 10404.565716560723, 13359.726829661873, 17154.228809290984, 22026.465794806718], "duncan_chi2s": {"comparison_baseline": [23478.549072049434, 19219.280103812598, 19166.83306562764, 25693.84470662847, 26201.647297392778, 20677.0037141317, 21005.25936270378, 24252.58571562711, 17389.887874653254, 21388.619790781075, 19206.831442318307, 21446.365221454234, 21220.32776401131, 17574.675756352186, 23868.922323675673, 20036.111705805008, 16580.824932844473, 19080.900792084693, 10962.205409058019, 20262.980215009604, 12954.168552466102, 14153.908318715188, 15601.923979129026, 18916.39416620438, 2335.6413343372888, 14515.623841445851, 24315.956252121894, 9840.576524127253, 14138.367998184789, 23992.33235155582, 26491.969072051244, 11574.511474625075, 19359.878962027535, 12956.321378657103, 15330.482608261944, 14912.012405556912, 20550.07163744203, 10297.266911167837, 18283.720475691513, 17348.584146898484, 11560.61067149271, 22662.96093800122, 40423.0428360126, 22760.374791153652, 27101.32792667841, 27166.623755222776, 22396.908262863817, 340.7965325575936, 19757.72456576831, 10129.569613041911, 25542.494610482245, 13639.711437094214, 27833.22819138938, 17650.902545137254, 13005.396276944826, 10224.281237206666, 44609.65541305368, 9943.719045483307, 30655.85403635204, 30624.722950362888, 21879.62626600452, 26375.363017993102, 26155.18772348138, 13231.693128478011, 0.29860883077810246, 0.29849645805266944, 20014.42743062237, 0.29844664975068624, 0.29844792085110716, 0.2985251473708749, 0.2987386585343007, 17387.005822056584, 13141.358049409017, 104.09725803707545, 106.47526044155059, 106.43999859874889, 106.47573300468825, 4778.556655922563, 106.26653409904321, 133.03828547261864, 133.09284977012732], "trust_tags": [16032.376910592271, 16049.368070212719, 18505.67376866876, 20719.121472616407, 20115.41194323207, 19145.130913812944, 23597.839803415696, 26572.849671093045, 16215.91558982427, 23951.849498624666, 24515.995274593537, 19641.850675782713, 19877.76810782106, 25353.55612556999, 16375.96594582758, 19138.77627637153, 16657.434519815964, 19694.63428619588, 22082.96369646328, 12355.989869168629, 21713.996530057706, 14479.061290461324, 8077.256559758012, 19330.358661592185, 20266.43332531111, 13408.38836441731, 20344.056804198248, 15448.286724756032, 16993.627798158464, 19484.510200324632, 12240.811038382188, 2247.70582988206, 16090.727003683469, 23283.92415622497, 80190284.37156528, 19383.59150154735, 16574.578505419468, 23910.93394770348, 12112.846542928362, 20495.762758475114, 18819.181298801213, 16825.752619569183, 17459.738645358564, 15654.115576281487, 25097.633126405202, 41271.13093643879, 35748.41470988126, 26656.992346098246, 26430.153773839607, 21869.887939121323, 344.18791241117384, 14786.819696729437, 14623.454440504833, 27843.356762190077, 14127.636393313694, 29437.83054957827, 14575.510380118645, 14272.935360669855, 23958.706845684144, 42080.81405183051, 5082.461698795715, 26226.987744164624, 30819.62496226309, 21889.6608706581, 26124.249186208657, 26347.30395019435, 13284.621805458008, 0.29860184074271817, 0.29849181684073633, 1562.348252100129, 0.2984432624443511, 0.29844877961688915, 0.29853295633869, 4309.932473382252, 16976.357330912546, 8711.081921243334, 106.43226330343376, 106.4776036068932, 106.43788322161528, 106.95341918211335, 5073.837360147268], "trust_odom": [15950.60750601639, 16046.240111636896, 18505.671851127165, 14909.21840052925, 14893.359619792727, 14877.708170980854, 24064.85329704019, 20227.97797185724, 17437.58836441738, 23440.124491781877, 19176.533543981495, 20114.991968609786, 19074.896644714787, 15670.827664513927, 17296.67274091315, 29240.85010473653, 18114.713222183396, 18658.78613225746, 26832.69718270892, 13655.634088263225, 22422.22906164503, 19857.98302103768, 20548.347318014192, 18341.847313539143, 15345.954225116793, 10427.402040775227, 12374.25742277344, 11779.471388792306, 19090.677874772005, 15959.89867082867, 15053.49869562304, 16568.955532662603, 10579.15310834341, 13031.631591915491, 2233.0015307925532, 18740.197934885648, 22954.081120106843, 30470.077525230652, 13046.573845220379, 22233.39538989474, 20218.045962230386, 24894.10561931853, 26838.899020990542, 9868.0650777664, 16823.388173051593, 17304.13853134901, 10338.597070157177, 27822.121897011235, 42422.0991480087, 27023.30164522008, 26801.446124213955, 33199.40143615048, 18064.241219528318, 345.3257748950141, 17672.835711982225, 10133.312891680114, 27085.352618329292, 6457.447863670607, 32301.24468306619, 16048.841984840074, 15256.844003822644, 12447.22801943889, 54150.688758433076, 4710.742463212014, 30636.251447807128, 30793.998114372884, 21722.65297277554, 25984.17162887072, 26164.654493438797, 13181.07567435851, 0.2985949614216932, 0.2984873153206826, 1561.4814369745284, 0.29844000006639604, 0.2984499407638326, 0.2985411791240092, 4388.80967612014, 17343.42302883164, 4366.849020971481, 106.43468259400096, 106.47996513151863],