{
    "4_lou_to_rich_room": {
        "no_noise": {
            "dataset_name": "generated_23-01-02-14-13-17",
            "pre_opt_gt": 4.577436350193275e-06,
            "min_gt": 1.5444194231189912e-06,
            "alpha_min_gt": 1.6260376332853144e-06
        },
        "tag_noise": {
            "dataset_name": "generated_23-01-02-14-20-49",
            "noise": 5,
            "pre_opt_gt": 1.1354795202711991,
            "min_gt": 0.7320577655296688,
            "alpha_min_gt": 1.8721515027174283
        },
        "more_tag_noise": {
            "dataset_name": "generated_23-01-02-14-21-22",
            "noise": 10,
            "pre_opt_gt": 2.571929513640206,
            "min_gt": 0.6314887445731887,
            "alpha_min_gt": 2.2461166603720444
        },
        "odom_noise": {
            "dataset_name": "generated_23-01-02-14-21-52",
            "noise": "0.01, 0.01, 0.01, 0.001",
            "pre_opt_gt": 0.6089883495627441,
            "min_gt": 0.15399698233529444,
            "alpha_min_gt": 0.7316455642798468
        },
        "more_odom_noise": {
            "dataset_name": "generated_23-01-02-14-22-17",
            "noise": "0.1, 0.1, 0.1, 0.0025",
            "pre_opt_gt": 1.7100118503352582,
            "min_gt": 0.4196685092328698,
            "alpha_min_gt": 1.687985833043302
        },
        "both_noise": {
            "dataset_name": "generated_23-01-02-14-23-12",
            "odom_noise": "0.01, 0.01, 0.01, 0.001",
            "tag_noise": 5,
            "pre_opt_gt": 2.776533358459991,
            "min_gt": 1.550129551746144,
            "alpha_min_gt": 1.6461267037432405
        },
        "more_both_noise": {
            "dataset_name": "generated_23-01-02-14-22-49",
            "odom_noise": "0.1, 0.1, 0.1, 0.0025",
            "tag_noise": 10,
            "pre_opt_gt": 3.42572175615326,
            "min_gt": 2.200330823062483,
            "alpha_min_gt": 3.1283464667560708
        }
    },
    "4N 1326373474408125":  {
        "no_noise": {
            "dataset_name": "generated_23-01-02-13-36-10",
            "pre_opt_gt": 1.7422918566410465e-06,
            "min_gt": 9.227330449400758e-07,
            "alpha_min_gt": 1.0457621011590294e-06
        },
        "tag_noise": {
            "dataset_name": "generated_23-01-02-13-51-33",
            "noise": 5,
            "pre_opt_gt": 0.6755452336912914,
            "min_gt": 0.4498702811624396,
            "alpha_min_gt": 0.6396827542525239
        },
        "more_tag_noise": {
            "dataset_name": "generated_23-01-02-13-48-52",
            "noise": 10,
            "pre_opt_gt": 3.8999905378739634,
            "min_gt": 0.6155592911219638,
            "alpha_min_gt": 1.7633820667658604
        },
        "odom_noise": {
            "dataset_name": "generated_23-01-02-13-39-29",
            "noise": "0.01, 0.01, 0.01, 0.001",
            "pre_opt_gt": 0.9350801508126262,
            "min_gt": 0.7258636160909336,
            "alpha_min_gt": 0.8467058730774548
        },
        "more_odom_noise": {
            "dataset_name": "generated_23-01-02-13-44-36",
            "noise": "0.1, 0.1, 0.1, 0.0025",
            "pre_opt_gt": 0.9202271432327987,
            "min_gt": 0.8558360882656958,
            "alpha_min_gt": 1.2095875834843308
        },
        "both_noise": {
            "dataset_name": "generated_23-01-02-13-56-13",
            "odom_noise": "0.01, 0.01, 0.01, 0.001",
            "tag_noise": 5,
            "pre_opt_gt": 3.177393979206441,
            "min_gt": 0.6813877987046197,
            "alpha_min_gt": 0.8702441945273924
        },
        "more_both_noise": {
            "dataset_name": "generated_23-01-02-14-00-07",
            "odom_noise": "0.1, 0.1, 0.1, 0.0025",
            "tag_noise": 10,
            "pre_opt_gt": 2.3113557140804617,
            "min_gt": 0.8929984486306685,
            "alpha_min_gt": 2.133523421975388
        }
    },
    "p1_WH4":  {
        "no_noise": {
            "dataset_name": "generated_23-01-03-23-46-16",
            "pre_opt_gt": 5.878782301429833e-06,
            "min_gt": 3.864989911584678e-06,
            "alpha_min_gt": 6.604051328880211e-06
        },
        "tag_noise": {
            "dataset_name": "generated_23-01-03-23-48-03",
            "noise": 5,
            "pre_opt_gt": 2.8937035017054447,
            "min_gt": 0.8488478537678389,
            "alpha_min_gt": 1.0254546173749521
        },
        "more_tag_noise": {
            "dataset_name": "generated_23-01-03-23-49-26",
            "noise": 10,
            "pre_opt_gt": 4.479773313738838,
            "min_gt": 0.3740161974446356,
            "alpha_min_gt": 1.8380861438768794
        },
        "odom_noise": {
            "dataset_name": "generated_23-01-03-23-50-57",
            "noise": "0.01, 0.01, 0.01, 0.001",
            "pre_opt_gt": 1.1695330565128454,
            "min_gt": 0.3740161974446356,
            "alpha_min_gt": 1.8380861438768794
        },
        "more_odom_noise": {
            "dataset_name": "generated_23-01-03-23-52-28",
            "noise": "0.1, 0.1, 0.1, 0.0025",
            "pre_opt_gt": 2.789296951704556,
            "min_gt": 0.74855067146276,
            "alpha_min_gt": 2.3943109044587554
        },
        "both_noise": {
            "dataset_name": "generated_23-01-03-23-53-51",
            "odom_noise": "0.01, 0.01, 0.01, 0.001",
            "tag_noise": 5,
            "pre_opt_gt": 4.764166322868952,
            "min_gt": 1.5712362421012203,
            "alpha_min_gt": 2.2946035592541087
        },
        "more_both_noise": {
            "dataset_name": "generated_23-01-03-23-55-12",
            "odom_noise": "0.1, 0.1, 0.1, 0.0025",
            "tag_noise": 10,
            "pre_opt_gt": 6.972636820670319,
            "min_gt": 2.4047004079001035,
            "alpha_min_gt": 4.038984990281555
        }
    },
    "p1_WH4_2":  {
        "no_noise": {
            "dataset_name": "generated_23-01-03-23-46-59",
            "pre_opt_gt": 5.293868336446158e-06,
            "min_gt": 4.463238947748469e-06,
            "alpha_min_gt": 4.8003994296076786e-06
        },
        "tag_noise": {
            "dataset_name": "generated_23-01-03-23-48-32",
            "noise": 5,
            "pre_opt_gt": 2.240351678916121,
            "min_gt": 0.6225497098308694,
            "alpha_min_gt": 0.6235749715081745
        },
        "more_tag_noise": {
            "dataset_name": "generated_23-01-03-23-49-40",
            "noise": 10,
            "pre_opt_gt": 4.031177519680771,
            "min_gt": 1.8167552839753291,
            "alpha_min_gt": 1.828896430700426
        },
        "odom_noise": {
            "dataset_name": "generated_23-01-03-23-51-16",
            "noise": "0.01, 0.01, 0.01, 0.001",
            "pre_opt_gt": 1.4354027078883953,
            "min_gt": 1.8802673681228548,
            "alpha_min_gt": 0.5200984621201291
        },
        "more_odom_noise": {
            "dataset_name": "generated_23-01-03-23-52-37",
            "noise": "0.1, 0.1, 0.1, 0.0025",
            "pre_opt_gt": 5.151029672339991,
            "min_gt": 0.5200984621201291,
            "alpha_min_gt": 5.069803996590185
        },
        "both_noise": {
            "dataset_name": "generated_23-01-03-23-54-02",
            "odom_noise": "0.01, 0.01, 0.01, 0.001",
            "tag_noise": 5,
            "pre_opt_gt": 2.8922948133259414,
            "min_gt": 0.9716335806792719,
            "alpha_min_gt": 1.1610603716782604
        },
        "more_both_noise": {
            "dataset_name": "generated_23-01-03-23-55-21",
            "odom_noise": "0.1, 0.1, 0.1, 0.0025",
            "tag_noise": 10,
            "pre_opt_gt": 5.54595272663688,
            "min_gt": 2.22050139550822,
            "alpha_min_gt": 2.910962004720307
        }
    },
    "WH4":  {
        "no_noise": {
            "dataset_name": "generated_23-01-03-23-47-25",
            "pre_opt_gt": 5.092439901200086e-06,
            "min_gt": 3.7028357327541223e-06,