{
    "4_lou_to_rich_room*": {
        "0": {
            "dataset_name": "generated_23-01-17-16-14-48",
            "tag_noise": 10,
            "odom_noise": [
                0.1,
                0.1,
                0.1,
                0.001
            ],
            "pre_opt_gt": 4.807652842150541,
            "min_gt": 2.1408906550941826,
            "alpha_min_gt": 2.606975728274334
        },
        "1": {
            "dataset_name": "generated_23-01-17-16-34-30",
            "tag_noise": 10,
            "odom_noise": [
                0.1,
                0.1,
                0.1,
                0.001
            ],
            "pre_opt_gt": 4.2680243963921916,
            "min_gt": 2.4622941453955955,
            "alpha_min_gt": 2.6490351519503057
        },
        "2": {
            "dataset_name": "generated_23-01-17-16-54-22",
            "tag_noise": 10,
            "odom_noise": [
                0.1,
                0.1,
                0.1,
                0.001
            ],
            "pre_opt_gt": 1.5696600237564564,
            "min_gt": 1.5696600237546496,
            "alpha_min_gt": 3.08076381090067
        },
        "3": {
            "dataset_name": "generated_23-01-17-17-14-21",
            "tag_noise": 10,
            "odom_noise": [
                0.1,
                0.1,
                0.1,
                0.001
            ],
            "pre_opt_gt": 3.697888156578555,
            "min_gt": 3.1033128824923124,
            "alpha_min_gt": 3.517119320974173
        },
        "4": {
            "dataset_name": "generated_23-01-17-17-34-07",
            "tag_noise": 10,
            "odom_noise": [
                0.1,
                0.1,
                0.1,
                0.001
            ],
            "pre_opt_gt": 4.812701203491972,
            "min_gt": 2.619825494332442,
            "alpha_min_gt": 2.7700353121763186
        },
        "5": {
            "dataset_name": "generated_23-01-17-17-54-28",
            "tag_noise": 10,
            "odom_noise": [
                0.1,
                0.1,
                0.1,
                0.001
            ],
            "pre_opt_gt": 7.404385965795381,
            "min_gt": 3.59655671190353,
            "alpha_min_gt": 4.2739023028898675
        },
        "6": {
            "dataset_name": "generated_23-01-17-18-14-30",
            "tag_noise": 10,
            "odom_noise": [
                0.1,
                0.1,
                0.1,
                0.001
            ],
            "pre_opt_gt": 3.6671248469822437,
            "min_gt": 2.1077137731004965,
            "alpha_min_gt": 3.0032560416880663
        },
        "7": {
            "dataset_name": "generated_23-01-17-18-34-32",
            "tag_noise": 10,
            "odom_noise": [
                0.1,
                0.1,
                0.1,
                0.001
            ],
            "pre_opt_gt": 4.118108426993898,
            "min_gt": 1.946857490561121,
            "alpha_min_gt": 2.4808474606903257
        },
        "8": {
            "dataset_name": "generated_23-01-17-18-54-57",
            "tag_noise": 10,
            "odom_noise": [
                0.1,
                0.1,
                0.1,
                0.001
            ],
            "pre_opt_gt": 2.6118958848239315,
            "min_gt": 1.6623111929978556,
            "alpha_min_gt": 2.242027301477809
        },
        "9": {
            "dataset_name": "generated_23-01-17-19-14-58",
            "tag_noise": 10,
            "odom_noise": [
                0.1,
                0.1,
                0.1,
                0.001
            ],
            "pre_opt_gt": 3.8841880826219,
            "min_gt": 1.9984065082003495,
            "alpha_min_gt": 2.3230968138661354
        }
    },
    "4N 13263*": {
        "0": {
            "dataset_name": "generated_23-01-20-19-52-49",
            "tag_noise": 10,
            "odom_noise": [
                0.1,
                0.1,
                0.1,
                0.001
            ],
            "pre_opt_gt": 4.6278703195166555,
            "min_gt": 0.9148253606548634,
            "alpha_min_gt": 3.4154875245949534
        },
        "1": {
            "dataset_name": "generated_23-01-20-19-54-12",
            "tag_noise": 10,
            "odom_noise": [
                0.1,
                0.1,
                0.1,
                0.001
            ],
            "pre_opt_gt": 3.542825536012153,
            "min_gt": 1.5162752865278633,
            "alpha_min_gt": 3.7442594748779534
        },
        "2": {
            "dataset_name": "generated_23-01-20-19-55-36",
            "tag_noise": 10,
            "odom_noise": [
                0.1,
                0.1,
                0.1,
                0.001
            ],
            "pre_opt_gt": 2.3502320177989158,
            "min_gt": 1.1979276910931187,
            "alpha_min_gt": 1.6564000593368904
        },
        "3": {
            "dataset_name": "generated_23-01-20-19-57-03",
            "tag_noise": 10,
            "odom_noise": [
                0.1,
                0.1,
                0.1,
                0.001
            ],
            "pre_opt_gt": 3.534658688141358,
            "min_gt": 1.6507987923487584,
            "alpha_min_gt": 2.060147126622201
        },
        "4": {
            "dataset_name": "generated_23-01-20-19-58-28",
            "tag_noise": 10,
            "odom_noise": [
                0.1,
                0.1,
                0.1,
                0.001
            ],
            "pre_opt_gt": 4.834740382032228,
            "min_gt": 2.5775450274350096,
            "alpha_min_gt": 3.5544880055793056
        },
        "5": {
            "dataset_name": "generated_23-01-20-20-00-01",
            "tag_noise": 10,
            "odom_noise": [
                0.1,
                0.1,
                0.1,
                0.001
            ],
            "pre_opt_gt": 4.201711609075304,
            "min_gt": 1.4637242383667808,
            "alpha_min_gt": 2.423208694927895
        },
        "6": {
            "dataset_name": "generated_23-01-20-20-01-23",
            "tag_noise": 10,
            "odom_noise": [
                0.1,
                0.1,
                0.1,
                0.001
            ],
            "pre_opt_gt": 2.7878440588431572,
            "min_gt": 1.0268975479230273,
            "alpha_min_gt": 1.4780559872369123
        },
        "7": {
            "dataset_name": "generated_23-01-20-20-02-48",
            "tag_noise": 10,
            "odom_noise": [
                0.1,
                0.1,
                0.1,
                0.001
            ],
            "pre_opt_gt": 2.13119064990108,
            "min_gt": 0.8278170670239143,
            "alpha_min_gt": 1.7550088508366706
        },
        "8": {
            "dataset_name": "generated_23-01-20-20-04-14",
            "tag_noise": 10,
            "odom_noise": [
                0.1,
                0.1,
                0.1,
                0.001
            ],
            "pre_opt_gt": 2.8472678857314353,
            "min_gt": 1.5920702512960485,
            "alpha_min_gt": 1.7200530184575349
        },
        "9": {
            "dataset_name": "generated_23-01-20-20-05-39",
            "tag_noise": 10,
            "odom_noise": [
                0.1,
                0.1,
                0.1,
                0.001
            ],
            "pre_opt_gt": 1.4633239732287222,
            "min_gt": 0.7734261837597076,
            "alpha_min_gt": 1.1117161700625087
        }
    }
}